Rank,Player (Bye),POS,ESPN,Sleeper,CBS,RTSports,Fantrax,AVG,Real-Time
1,Jahmyr Gibbs   DET (6),RB1,1,1,1,1,1,1.0,1
2,Bijan Robinson   ATL (11),RB2,2,2,2,2,2,2.0,2
3,Ja'Marr Chase   CIN (6),WR1,3,3,3,3,3,3.0,3
4,Puka Nacua   LAR (11),WR2,4,4,5,4,4,4.2,4
5,Christian McCaffrey   SF (8),RB3,7,5,7,5,5,5.8,5
6,Jaxon Smith-Njigba   SEA (11),WR3,5,6,6,6,6,5.8,7  -1
7,Jonathan Taylor   IND (13),RB4,6,7,4,7,7,6.2,6  +1
8,Amon-Ra St. Brown   DET (6),WR4,8,8,8,8,8,8.0,8
9,James Cook III   BUF (7),RB5,9,10,9,9,9,9.2,9
10,CeeDee Lamb   DAL (14),WR5,10,9,14,13,11,11.4,10
11,De'Von Achane   MIA (6),RB6,11,12,10,11,13,11.4,13  -2
12,Justin Jefferson   MIN (6),WR6,12,11,15,12,10,12.0,12
13,Chase Brown   CIN (6),RB7,15,15,11,10,12,12.6,14  -1
14,Saquon Barkley   PHI (10),RB8,13,13,13,15,14,13.6,11  +3
15,Omarion Hampton   LAC (7),RB9,20,16,17,14,15,16.4,16  -1
16,Derrick Henry   BAL (13),RB10,14,20,12,19,19,16.8,17  -1
17,Ashton Jeanty   LV (13),RB11,18,14,19,17,18,17.2,19  -2
18,Kenneth Walker III   KC (5),RB12,22,19,16,16,16,17.8,15  +3
19,Drake London   ATL (11),WR7,16,17,20,21,21,19.0,20  -1
20,A.J. Brown   NE (11),WR8,21,18,21,18,17,19.0,18  +2
21,Josh Allen   BUF (7),QB1,17,21,18,28,31,23.0,23  -2
22,Brock Bowers   LV (13),TE1,23,23,26,23,20,23.0,22
23,Trey McBride   ARI (14),TE2,19,22,27,26,25,23.8,25  -2
24,George Pickens   DAL (14),WR9,27,24,22,24,26,24.6,24
25,Nico Collins   HOU (8),WR10,26,25,25,25,22,24.6,21  +4
26,Chris Olave   NO (8),WR11,28,30,28,20,24,26.0,28  -2
27,Malik Nabers   NYG (8),WR12,29,27,29,27,23,27.0,27
28,Rashee Rice   KC (5),WR13,25,28,23,34,28,27.6,31  -3
29,Jeremiyah Love   ARI (14),RB13,24,26,30,29,33,28.4,29
30,Kyren Williams   LAR (11),RB14,35,29,24,30,27,29.0,26  +4
31,Javonte Williams   DAL (14),RB15,30,35,31,22,30,29.6,32  -1
32,Breece Hall   NYJ (13),RB16,31,33,39,31,32,33.2,33  -1
33,DeVonta Smith   PHI (10),WR14,34,36,32,37,29,33.6,30  +3
34,Travis Etienne Jr.   NO (8),RB17,39,44,33,32,35,36.6,41  -7
35,Zay Flowers   BAL (13),WR15,38,41,35,36,34,36.8,35
36,Josh Jacobs   GB (11),RB18,36,32,34,47,39,37.6,53  -17
37,Cam Skattebo   NYG (8),RB19,41,43,36,39,41,40.0,43  -6
38,Garrett Wilson   NYJ (13),WR16,33,45,46,40,38,40.4,44  -6
39,Tetairoa McMillan   CAR (5),WR17,37,37,44,48,36,40.4,38  +1
40,Lamar Jackson   BAL (13),QB2,32,31,40,53,47,40.6,37  +3
41,Colston Loveland   CHI (10),TE3,40,39,43,44,42,41.6,39  +2
42,Tee Higgins   CIN (6),WR18,49,34,38,52,37,42.0,34  +8
43,Emeka Egbuka   TB (10),WR19,43,40,45,43,40,42.2,42  +1
44,Ladd McConkey   LAC (7),WR20,45,38,41,42,56,44.4,36  +8
45,D'Andre Swift   CHI (10),RB20,54,52,37,41,44,45.6,45
46,Quinshon Judkins   CLE (11),RB21,48,53,48,33,49,46.2,54  -8
47,Bucky Irving   TB (10),RB22,53,42,42,38,57,46.4,46  +1
48,Jaylen Waddle   DEN (10),WR21,51,46,47,50,43,47.4,40  +8
49,Davante Adams   LAR (11),WR22,42,50,55,57,46,50.0,52  -3
50,David Montgomery   HOU (8),RB23,59,49,50,46,48,50.4,49  +1
51,DJ Moore   BUF (7),WR23,56,57,52,35,53,50.6,50  +1
52,Tyler Warren   IND (13),TE4,46,47,58,55,52,51.6,48  +4
53,Drake Maye   NE (11),QB3,44,48,51,69,55,53.4,47  +6
54,Joe Burrow   CIN (6),QB4,52,51,49,68,54,54.8,55  -1
55,Terry McLaurin   WAS (7),WR24,55,55,57,58,51,55.2,51  +4
56,Luther Burden III   CHI (10),WR25,65,54,60,49,50,55.6,56
57,Jameson Williams   DET (6),WR26,58,58,56,56,58,57.2,58  -1
58,Bhayshul Tuten   JAC (7),RB24,61,62,53,51,60,57.4,57  +1
59,Jadarian Price   SEA (11),RB25,62,67,54,45,65,58.6,59
60,Rome Odunze   CHI (10),WR27,57,64,61,59,63,60.8,61  -1
61,TreVeyon Henderson   NE (11),RB26,68,56,65,54,62,61.0,63  -2
62,Jayden Daniels   WAS (7),QB5,47,65,62,79,67,64.0,67  -5
63,Jalen Hurts   PHI (10),QB6,50,60,64,77,70,64.2,60  +3
64,Parker Washington   JAC (7),WR28,81,75,72,63,45,67.2,68  -4
65,Mike Evans   SF (8),WR29,77,61,63,72,64,67.4,65
66,Rhamondre Stevenson   NE (11),RB27,72,81,69,60,59,68.2,75  -9
67,Harold Fannin Jr.   CLE (11),TE5,64,69,70,62,78,68.6,74  -7
68,Christian Watson   GB (11),WR30,82,70,66,66,61,69.0,64  +4
69,Tucker Kraft   GB (11),TE6,78,63,71,70,75,71.4,66  +3
70,Sam LaPorta   DET (6),TE7,63,59,67,92,85,73.2,62  +8
71,Kyle Pitts Sr.   ATL (11),TE8,60,68,73,83,82,73.2,70  +1
72,Marvin Harrison Jr.   ARI (14),WR31,71,76,68,78,74,73.4,73  -1
73,Jaylen Warren   PIT (9),RB28,84,72,76,64,73,73.8,69  +4
74,Carnell Tate   TEN (9),WR32,66,66,87,82,68,73.8,71  +3
75,Dak Prescott   DAL (14),QB7,67,77,59,95,80,75.6,78  -3
76,Courtland Sutton   DEN (10),WR33,70,79,79,80,76,76.8,85  -9
77,Caleb Williams   CHI (10),QB8,83,71,75,90,71,78.0,72  +5
78,Tony Pollard   TEN (9),RB29,89,84,74,71,77,79.0,81  -3
79,Rico Dowdle   PIT (9),RB30,91,85,77,61,84,79.6,82  -3
80,DK Metcalf   PIT (9),WR34,74,74,88,84,81,80.2,77  +3
81,Brian Thomas Jr.   JAC (7),WR35,99,73,84,85,72,82.6,76  +5
82,Jonathon Brooks   CAR (5),RB31,101,106,80,65,66,83.6,83  -1
83,RJ Harvey   DEN (10),RB32,122,80,90,67,79,87.6,89  -6
84,George Kittle   SF (8),TE9,73,86,82,99,99,87.8,80  +4
85,Justin Herbert   LAC (7),QB9,87,82,85,98,87,87.8,79  +6
86,Michael Wilson   ARI (14),WR36,93,83,100,76,93,89.0,86
87,Trevor Lawrence   JAC (7),QB10,86,101,78,94,89,89.6,93  -6
88,J.K. Dobbins   DEN (10),RB33,107,94,83,81,92,91.4,88
89,Chuba Hubbard   CAR (5),RB34,106,78,101,91,91,93.4,87  +2
90,Chris Godwin Jr.   TB (10),WR37,124,95,89,74,86,93.6,84  +6
91,Alec Pierce   IND (13),WR38,94,99,86,96,107,96.4,90  +1
92,Jaxson Dart   NYG (8),QB11,69,91,106,112,106,96.8,100  -8
93,Matthew Stafford   LAR (11),QB12,76,96,91,128,94,97.0,107  -14
94,Michael Pittman Jr.   PIT (9),WR39,80,103,111,103,95,98.4,99  -5
95,Travis Kelce   KC (5),TE10,88,90,98,105,113,98.8,91  +4
96,Kenny Gainwell   TB (10),RB35,98,112,95,93,100,99.6,108  -12
97,Brandon Aubrey   DAL (14),K1,75,92,105,116,117,101.0,103  -6
98,Blake Corum   LAR (11),RB36,121,102,104,86,96,101.8,94  +4
99,Wan'Dale Robinson   TEN (9),WR40,108,116,109,75,102,102.0,119  -20
100,Houston Texans DST   (8),DST1,79,97,102,130,105,102.6,111  -11
101,Kyle Monangai   CHI (10),RB37,117,100,108,87,101,102.6,110  -9
102,Stefon Diggs   WAS (7),WR41,105,109,113,111,83,104.2,95  +7
103,Jordan Mason   MIN (6),RB38,136,114,96,73,103,104.4,98  +5
104,Patrick Mahomes II   KC (5),QB13,96,108,99,120,104,105.4,120  -16
105,Isaiah Likely   NYG (8),TE11,116,107,94,89,122,105.6,109  -4
106,Quentin Johnston   LAC (7),WR42,125,113,97,104,90,105.8,106
107,Jordan Addison   MIN (6),WR43,110,104,112,102,108,107.2,102  +5
108,Jacory Croskey-Merritt   WAS (7),RB39,129,115,103,88,111,109.2,104  +4
109,Brock Purdy   SF (8),QB14,95,123,92,124,112,109.2,117  -8
110,Bo Nix   DEN (10),QB15,85,119,117,113,114,109.6,114  -4
111,Dallas Goedert   PHI (10),TE12,92,122,81,136,123,110.8,113  -2
112,De'Zhaun Stribling   SF (8),WR44,142,138,115,97,69,112.2,112
113,Makai Lemon   PHI (10),WR45,130,89,131,115,97,112.4,101  +12
114,Jake Ferguson   DAL (14),TE13,102,98,122,131,109,112.4,118  -4
115,Rachaad White   WAS (7),RB40,120,132,124,101,88,113.0,126  -11
116,Denver Broncos DST   (10),DST2,90,118,93,141,126,113.6,123  -7
117,Josh Downs   IND (13),WR46,133,110,119,108,98,113.6,97  +20
118,Los Angeles Rams DST   (11),DST3,100,88,110,144,128,114.0,96  +22
119,Aaron Jones Sr.   MIN (6),RB41,114,125,116,109,115,115.8,124  -5
120,Jayden Reed   GB (11),WR47,126,111,127,107,110,116.2,105  +15
121,Dalton Kincaid   BUF (7),TE14,123,87,121,125,132,117.6,92  +29
122,Jakobi Meyers   JAC (7),WR48,111,120,129,117,116,118.6,130  -8
123,Seattle Seahawks DST   (11),DST4,104,105,114,142,140,121.0,122  +1
124,Matthew Golden   GB (11),WR49,97,127,135,133,125,123.4,121  +3
125,Jared Goff   DET (6),QB16,131,134,107,127,118,123.4,132  -7
126,KC Concepcion   CLE (11),WR50,143,121,118,118,119,123.8,116  +10
127,Mark Andrews   BAL (13),TE15,115,128,120,134,139,127.2,125  +2
128,Xavier Worthy   KC (5),WR51,118,140,140,139,130,133.4,134  -6
129,Romeo Doubs   NE (11),WR52,146,133,136,132,124,134.2,129
130,Deebo Samuel Sr.   SF (8),WR53,134,129,128,146,145,136.4,131  -1
131,Cameron Dicker   LAC (7),K2,103,117,143,148,172,136.6,135  -4
132,Ka'imi Fairbairn   HOU (8),K3,119,130,132,155,149,137.0,138  -6
133,MarShawn Lloyd   GB (11),RB42,168,173,125,100,120,137.2,115  +18
134,Woody Marks   HOU (8),RB43,147,159,138,106,143,138.6,140  -6
135,Jason Myers   SEA (11),K4,109,126,123,170,165,138.6,139  -4
136,Chris Rodriguez Jr.   JAC (7),RB44,170,141,139,114,129,138.6,128  +8
137,Baker Mayfield   TB (10),QB17,144,144,134,137,134,138.6,151  -14
138,Mike Washington Jr.   LV (13),RB45,165,155,126,110,138,138.8,133  +5
139,Kyler Murray   MIN (6),QB18,138,158,137,138,127,139.6,144  -5
140,Philadelphia Eagles DST   (10),DST5,135,124,133,154,161,141.4,137  +3
141,Zach Charbonnet   SEA (11),RB46,150,148,141,129,151,143.8,147  -6
142,Jordyn Tyson   NO (8),WR54,183,93,154,147,144,144.2,127  +15
143,Tyler Allgeier   ARI (14),RB47,166,145,152,121,137,144.2,142  +1
144,Tyjae Spears   TEN (9),RB48,148,162,150,119,146,145.0,150  -6
145,Rashid Shaheed   SEA (11),WR55,158,147,147,126,147,145.0,143  +2
146,Khalil Shakir   BUF (7),WR56,128,143,159,161,136,145.4,141  +5
147,Jalen Coker   CAR (5),WR57,156,146,148,145,133,145.6,136  +11
148,Jordan Love   GB (11),QB19,154,149,149,153,131,147.2,148
149,Cam Little   JAC (7),K5,137,135,158,160,168,151.6,145  +4
150,Juwan Johnson   NO (8),TE16,163,187,144,123,155,154.4,152  -2
151,Pittsburgh Steelers DST   (9),DST6,113,151,151,184,175,154.8,159  -8
152,Tyler Shough   NO (8),QB20,151,188,153,150,141,156.6,165  -13
153,New England Patriots DST   (11),DST7,149,137,155,177,173,158.2,149  +4
154,Isiah Pacheco   DET (6),RB49,161,186,157,143,152,159.8,182  -28
155,Brenton Strange   JAC (7),TE17,182,153,145,172,154,161.2,157  -2
156,Hunter Henry   NE (11),TE18,145,142,163,166,192,161.6,146  +10
157,Alvin Kamara   NO (8),RB50,162,161,170,158,157,161.6,162  -5
158,Baltimore Ravens DST   (13),DST8,127,136,161,213,180,163.4,161  -3
159,Keaton Mitchell   LAC (7),RB51,200,185,166,135,135,164.2,153  +6
160,Minnesota Vikings DST   (6),DST9,192,150,130,175,179,165.2,155  +5
161,Jonah Coleman   DEN (10),RB52,205,170,156,122,177,166.0,156  +5
162,Keenan Allen   IND (13),WR58,174,197,181,159,121,166.4,170  -8
163,Jake Bates   DET (6),K6,157,139,171,189,186,168.4,163
164,Brian Robinson Jr.   ATL (11),RB53,176,165,182,152,170,169.0,168  -4
165,T.J. Hockenson   MIN (6),TE19,139,163,193,171,185,170.2,177  -12
166,Malik Willis   MIA (6),QB21,180,195,162,169,148,170.8,175  -9
167,Denzel Boston   CLE (11),WR59,184,169,169,176,156,170.8,158  +9
168,Harrison Mevis   LAR (11),K7,132,152,184,205,195,173.6,169  -1
169,Tank Bigsby   PHI (10),RB54,208,178,172,149,166,174.6,160  +9
170,Kenyon Sadiq   NYJ (13),TE20,153,164,187,191,178,174.6,190  -20
171,Tre Tucker   LV (13),WR60,191,202,174,164,160,178.2,174  -3
172,Ja'Kobi Lane   BAL (13),WR61,189,156,167,165,216,178.6,154  +18
173,Jacksonville Jaguars DST   (7),DST10,186,167,177,185,181,179.2,173
174,Dylan Sampson   CLE (11),RB55,216,190,173,156,162,179.4,180  -6
175,Los Angeles Chargers DST   (7),DST11,173,179,168,199,187,181.2,191  -16
176,Detroit Lions DST   (6),DST12,152,154,176,221,211,182.8,181  -5
177,Daniel Jones   IND (13),QB22,159,203,160,198,194,182.8,214  -37
178,Dalton Schultz   HOU (8),TE21,190,191,165,197,183,185.2,164  +14
179,Jerry Jeudy   CLE (11),WR62,179,189,183,187,193,186.2,186  -7
180,Harrison Butker   KC (5),K8,140,176,185,220,214,187.0,202  -22
181,Tank Dell   HOU (8),WR63,160,180,189,216,190,187.0,204  -23
182,C.J. Stroud   HOU (8),QB23,171,205,164,210,188,187.6,212  -30
183,Sam Darnold   SEA (11),QB24,164,160,146,173,302,189.0,167  +16
184,Tyler Loop   BAL (13),K9,169,177,208,208,184,189.2,185  -1
185,Eddy Pineiro   SF (8),K10,141,193,191,219,207,190.2,198  -13
186,Green Bay Packers DST   (11),DST13,196,201,206,207,208,203.6,240  -54
187,Evan McPherson   CIN (6),K11,203,181,197,235,209,205.0,194  -7
188,Will Reichard   MIN (6),K12,181,171,202,232,250,207.2,192  -4
189,Cooper Kupp   SEA (11),WR64,199,200,200,226,213,207.6,201  -12
190,Dallas Cowboys DST   (14),DST14,177,199,195,224,248,208.6,209  -19
191,Tyrone Tracy Jr.   NYG (8),RB56,,168,142,140,142,148.0,172  +19
192,Buffalo Bills DST   (7),DST15,198,218,192,222,222,210.4,227  -35
193,Calvin Ridley   TEN (9),WR65,188,334,194,157,202,215.0,248  -55
194,Cairo Santos   CHI (10),K13,194,253,198,234,240,223.8,208  -14
195,Chicago Bears DST   (10),DST16,214,225,210,238,233,224.0,221  -26
196,Cyrus Allen   KC (5),WR66,218,174,,183,150,181.3,184  +12
197,Chig Okonkwo   WAS (7),TE22,,192,190,179,164,181.3,179  +18
198,Cleveland Browns DST   (11),DST17,155,367,203,233,223,236.2,263  -65
199,Braelon Allen   NYJ (13),RB57,,204,178,168,176,181.5,193  +6
200,Emmett Johnson   KC (5),RB58,383,209,196,178,217,236.6,199  +1
201,Terrance Ferguson   LAR (11),TE23,178,206,,186,158,182.0,195  +6
202,Kaelon Black   SF (8),RB59,,216,175,163,182,184.0,188  +14
203,Kayshon Boutte   HOU (8),WR67,,226,199,151,163,184.8,187  +16
204,Jalen Nailor   LV (13),WR68,,184,211,180,169,186.0,178  +26
205,Jalen McMillan   TB (10),WR69,175,211,,206,171,190.8,197  +8
206,Jauan Jennings   MIN (6),WR70,,213,213,190,153,192.3,215  -9
207,Wil Lutz   DEN (10),K14,219,335,215,212,272,250.6,243  -36
208,AJ Barner   SEA (11),TE24,213,183,201,,210,201.8,189  +19
209,Kansas City Chiefs DST   (5),DST18,172,229,207,,218,206.5,268  -59
210,Chris Boswell   PIT (9),K15,167,157,,242,266,208.0,183  +27
211,David Njoku   LAC (7),TE25,217,207,,167,247,209.5,229  -18
212,Trey Smack   GB (11),K16,185,214,,231,252,220.5,238  -26
213,Cam Ward   TEN (9),QB25,201,245,,239,197,220.5,265  -52
214,Greg Dulcich   MIA (6),TE26,,248,209,241,215,228.3,239  -25
215,James Conner   ARI (14),RB60,,259,214,236,212,230.3,219  -4
216,Travis Hunter   JAC (7),WR71,112,166,,204,,160.7,176  +40
217,Chase McLaughlin   TB (10),K17,,228,212,237,262,234.8,257  -40
218,Oronde Gadsden II   LAC (7),TE27,,131,,196,159,162.0,166  +52
219,New York Giants DST   (8),DST19,211,274,,223,264,243.0,255  -36
220,Malik Washington   MIA (6),WR72,,175,,192,174,180.3,171  +49
221,Justice Hill   BAL (13),RB61,204,,,174,189,189.0,273  -52
222,Omar Cooper Jr.   NYJ (13),WR73,,194,,218,167,193.0,213  +9
223,Ray Davis   BUF (7),RB62,,230,,188,196,204.7,203  +20
224,Caleb Douglas   MIA (6),WR74,,198,,201,228,209.0,196  +28
225,Fernando Mendoza   LV (13),QB26,187,182,,,260,209.7,216  +9
226,Tyler Bass   BUF (7),K18,210,411,,240,227,272.0,246  -20
227,Jaydon Blue,RB63,,242,,195,199,212.0,253  -26
228,Bryce Young   CAR (5),QB27,193,239,,,205,212.3,259  -31
229,Jordan James   SF (8),RB64,,,205,202,232,213.0,258  -29
230,San Francisco 49ers DST   (8),DST20,195,217,,,236,216.0,220  +10
231,Adonai Mitchell   NYJ (13),WR75,,252,,200,204,218.7,205  +26
232,Andy Borregales   NE (11),K19,,172,,230,258,220.0,237  -5
233,Atlanta Falcons DST   (11),DST21,,241,179,,241,220.3,
234,Malachi Fields   NYG (8),WR76,,223,,203,237,221.0,211  +23
235,Tre' Harris   LAC (7),WR77,,250,,214,200,221.3,230  +5
236,Aaron Rodgers   PIT (9),QB28,202,244,,,226,224.0,231  +5
237,Najee Harris   NYG (8),RB65,,221,,182,275,226.0,206  +31
238,Nicholas Singleton   TEN (9),RB66,,210,,225,249,228.0,218  +20
239,Kimani Vidal   LAC (7),RB67,,269,,215,203,229.0,232  +7
240,Cade Otton   TB (10),TE28,,258,204,,229,230.3,234  +6
241,Jake Elliott   PHI (10),K20,197,219,,,286,234.0,272  -31
242,Pat Freiermuth   PIT (9),TE29,206,281,,,224,237.0,222  +20
243,Jacoby Brissett   ARI (14),QB29,,299,,193,220,237.3,245  -2
244,Tyreek Hill,WR78,231,234,,,263,242.7,224  +20
245,Sean Tucker   TB (10),RB68,,302,,209,225,245.3,242  +3
246,Chris Bell   MIA (6),WR79,,285,,181,271,245.7,260  -14
247,Kaytron Allen   WAS (7),RB69,,278,,217,242,245.7,262  -15
248,New Orleans Saints DST   (8),DST22,,306,186,,256,249.3,
249,Shedeur Sanders   CLE (11),QB30,222,264,,,270,252.0,
250,Jaylen Wright   MIA (6),RB70,,316,,194,253,254.3,233  +17
251,J.J. McCarthy   MIN (6),QB31,236,231,,,308,258.3,
252,Carolina Panthers DST   (5),DST23,234,273,,,281,262.7,
253,Devaughn Vele   NO (8),WR80,,280,,227,290,265.7,241  +12
254,Cincinnati Bengals DST   (6),DST24,224,288,,,288,266.7,
255,Dontayvion Wicks   PHI (10),WR81,,,,162,201,181.5,200  +55
256,Christian Kirk   SF (8),WR82,255,291,,,278,274.7,
257,Kyle Williams   NE (11),WR83,289,227,,,331,282.3,
258,Eli Stowers   PHI (10),TE30,322,275,,,277,291.3,
259,Zachariah Branch   ATL (11),WR84,,208,,,221,214.5,210  +49
260,Ty Simpson   LAR (11),QB32,273,293,,,319,295.0,
261,Isaac TeSlaa   DET (6),WR85,,236,,,198,217.0,249  +12
262,Chimere Dike   TEN (9),WR86,242,247,,,402,297.0,
263,Joe Mixon,RB71,281,238,,,373,297.3,
264,Ryan Flournoy   DAL (14),WR87,,251,,,191,221.0,254  +10
265,Las Vegas Raiders DST   (13),DST25,225,389,,,285,299.7,
266,Nick Folk   ATL (11),K21,,396,188,,317,300.3,266
267,Tennessee Titans DST   (9),DST26,253,376,,,283,304.0,
268,George Holani   SEA (11),RB72,,,,229,231,230.0,256  +12
269,Antonio Williams   WAS (7),WR88,,261,,,206,233.5,267  +2
270,Brandon Aiyuk   SF (8),WR89,305,329,,,291,308.3,
271,Indianapolis Colts DST   (13),DST27,,222,,,259,240.5,
272,Jaylin Noel   HOU (8),WR90,,215,,,276,245.5,252  +20
273,Gunnar Helm   TEN (9),TE31,,257,,,234,245.5,228  +45
274,Washington Commanders DST   (7),DST28,220,,,,279,249.5,
275,Rashod Bateman   BAL (13),WR91,,256,,,245,250.5,261  +14
276,Pat Bryant   DEN (10),WR92,,237,,,267,252.0,217  +59
277,Samaje Perine   CIN (6),RB73,,,,243,261,252.0,236  +41
278,Germie Bernard   PIT (9),WR93,,249,,,255,252.0,235  +43
279,Devin Singletary   NYG (8),RB74,443,,,211,307,320.3,
280,Matt Gay   LV (13),K22,209,360,,,394,321.0,
281,Michael Penix Jr.   ATL (11),QB33,,240,,,269,254.5,
282,Tampa Bay Buccaneers DST   (10),DST29,,255,,,254,254.5,
283,Miami Dolphins DST   (6),DST30,212,412,,,342,322.0,
284,Mason Taylor   NYJ (13),TE32,,232,,,282,257.0,
285,Tua Tagovailoa   ATL (11),QB34,,265,,,251,258.0,
286,Riley Patterson   MIA (6),K23,258,369,,,346,324.3,
287,Troy Franklin   DEN (10),WR94,,292,,,230,261.0,
288,Ted Hurst III   TB (10),WR95,,279,,,244,261.5,264  +24
289,Darnell Washington   PIT (9),TE33,223,,,,303,263.0,
290,Cole Kmet   CHI (10),TE34,221,,,,315,268.0,
291,Marvin Mims Jr.   DEN (10),WR96,,224,,,314,269.0,
292,Keon Coleman   BUF (7),WR97,,260,,,280,270.0,247  +45
293,Jack Bech   LV (13),WR98,,272,,,268,270.0,226  +67
294,Darnell Mooney   NYG (8),WR99,,323,,,219,271.0,
295,Jason Sanders   NYJ (13),K24,238,,,,309,273.5,
296,Tory Horton   SEA (11),WR100,,243,,,304,273.5,
297,Arizona Cardinals DST   (14),DST31,235,380,,,396,337.0,
298,Jake Tonges   SF (8),TE35,,289,,,274,281.5,
299,Emanuel Wilson   SEA (11),RB75,,326,,,239,282.5,
300,Kirk Cousins   LV (13),QB35,320,,,,246,283.0,
301,Ben Sauls   NYG (8),K25,230,,,,337,283.5,
302,Hollywood Brown   PHI (10),WR101,278,,,,289,283.5,
303,Colby Parkinson   LAR (11),TE36,,330,,,238,284.0,223  +80
304,Drew Stevens   WAS (7),K26,265,,,,306,285.5,
305,Jameis Winston   NYG (8),QB36,263,,,,310,286.5,
306,Blake Grupe,K27,,,180,,395,287.5,
307,Chad Ryland   ARI (14),K28,240,,,,336,288.0,
308,Seth McGowan   IND (13),RB76,,,,228,349,288.5,269  +39
309,Demond Claiborne   MIN (6),RB77,,295,,,284,289.5,270  +39
310,Devontez Walker   BAL (13),WR102,290,,,,292,291.0,
311,Joey Slye   TEN (9),K29,232,,,,354,293.0,
312,Tommy DeVito   NE (11),QB37,264,,,,322,293.0,
313,Spencer Shrader   IND (13),K30,245,,,,344,294.5,
314,Elic Ayomanor   TEN (9),WR103,,290,,,300,295.0,
315,Theo Johnson   NYG (8),TE37,,254,,,338,296.0,
316,Trey Benson   ARI (14),RB78,309,338,,,404,350.3,
317,Joe Flacco   CIN (6),QB38,269,,,,327,298.0,
318,Andre Szmyt   CLE (11),K31,239,,,,358,298.5,
319,Dawson Knox   BUF (7),TE38,228,,,,370,299.0,
320,Kyle Allen   BUF (7),QB39,279,,,,320,299.5,
321,Luke McCaffrey   WAS (7),WR104,243,,,,360,301.5,
322,Drew Allar   PIT (9),QB40,256,,,,364,310.0,
323,Ryan Fitzgerald   CAR (5),K32,229,,,,393,311.0,
324,Justin Fields   KC (5),QB41,288,,,,334,311.0,
325,Kendre Miller   NO (8),RB79,,233,,,390,311.5,250  +75
326,Elijah Sarratt   BAL (13),WR105,395,246,,,438,359.7,
327,Jake Moody,K33,262,,,,362,312.0,
328,Lil'Jordan Humphrey   DEN (10),WR106,249,,,,380,314.5,
329,Colbie Young   CIN (6),WR107,325,,,,311,318.0,
330,Audric Estime   NO (8),RB80,,268,,,369,318.5,
331,Devin Neal   NO (8),RB81,,212,,,426,319.0,225  +106
332,Skyler Bell   BUF (7),WR108,259,,,,385,322.0,
333,Tyler Higbee   LAR (11),TE39,237,,,,408,322.5,
334,Josh Williams   TB (10),RB82,270,,,,375,322.5,
335,Brashard Smith   KC (5),RB83,,235,,,411,323.0,
336,Kaleb Johnson   GB (11),RB84,,220,,,434,327.0,207  +129
337,Zavion Thomas   CHI (10),WR109,277,,,,377,327.0,
338,J.J. Taylor,RB85,314,342,,,,328.0,
339,Tyler Huntley   BAL (13),QB42,345,,,,312,328.5,
340,Joshua Palmer   BUF (7),WR110,266,,,,392,329.0,
341,Elijah Arroyo   SEA (11),TE40,241,,,,418,329.5,
342,Odell Beckham Jr.   NYG (8),WR111,207,,,,,207.0,
343,Mac Jones   SF (8),QB43,321,,,,343,332.0,
344,Barion Brown   NO (8),WR112,336,,,,329,332.5,
345,Tyrod Taylor   GB (11),QB44,342,,,,325,333.5,
346,Justin Tucker,K34,215,,,,,215.0,
347,Ja'Tavion Sanders   CAR (5),TE41,271,,,,401,336.0,
348,Eli Raridon   NE (11),TE42,291,,,,383,337.0,
349,Konata Mumpfield   LAR (11),WR113,329,,,,351,340.0,
350,Younghoe Koo,K35,226,,,,,226.0,
351,Max Klare   LAR (11),TE43,384,319,,,435,379.3,
352,Philip Rivers,QB45,227,,,,,227.0,
353,KaVontae Turpin   DAL (14),WR114,233,,,,450,341.5,
354,Jordan Whittington   LAR (11),WR115,293,,,,397,345.0,
355,Evan Engram   DEN (10),TE44,,,,,235,235.0,
356,AJ Dillon   CAR (5),RB86,355,,,,340,347.5,
357,Mike Gesicki   CIN (6),TE45,,,,,243,243.0,
358,Josh Oliver   MIN (6),TE46,276,,,,423,349.5,
359,Sal Cannella,TE47,246,,,,,246.0,
360,Dominic Zvada   NYG (8),K36,247,,,,,247.0,
361,CJ Daniels   LAR (11),WR116,337,,,,366,351.5,
362,Brock Wright   DET (6),TE48,248,,,,,248.0,
363,Noah Gray   KC (5),TE49,252,,,,453,352.5,
364,DeWayne McBride,RB87,250,,,,,250.0,
365,Caden Davis,K37,251,,,,,251.0,
366,Quinn Ewers   JAC (7),QB46,350,,,,357,353.5,
367,Luke Schoonmaker   DAL (14),TE50,254,,,,,254.0,
368,Elijah Higgins   ARI (14),TE51,275,,,,437,356.0,
369,Ezekiel Elliott,RB88,257,,,,,257.0,
370,Emari Demercado   KC (5),RB89,,,,,257,257.0,
371,Jermar Jefferson   MIN (6),RB90,260,,,,,260.0,
372,Tommy Tremble   CAR (5),TE52,272,,,,444,358.0,
373,Cody Hardy   NO (8),TE53,,262,,,,262.0,
374,Brenden Rice,WR117,376,344,,,,360.0,
375,Geno Smith   NYJ (13),QB47,,,,,265,265.0,251  +124
376,Sam Brown Jr.,WR118,,266,,,,266.0,
377,Joshua Dobbs   DET (6),QB48,267,,,,,267.0,
378,Anthony Miller,WR119,482,267,,,,374.5,
379,Luke Lachey,TE54,268,,,,,268.0,
380,Bryce Lance   NO (8),WR120,391,,,,333,362.0,
381,Quali Conley,RB91,,270,,,,270.0,
382,James O'Shaughnessy,TE55,,271,,,,271.0,
383,Charlie Smyth   NO (8),K38,,372,,,356,364.0,
384,Deshaun Watson   CLE (11),QB49,,,,,273,273.0,
385,Trey Lance   LAC (7),QB50,413,,,,316,364.5,
386,Kyle Juszczyk   SF (8),RB92,274,,,,,274.0,
387,Luke Musgrave   GB (11),TE56,307,,,,428,367.5,
388,Joe Milton III   DAL (14),QB51,280,,,,,280.0,
389,New York Jets DST   (13),DST32,,392,,,345,368.5,
390,Dalvin Cook,RB93,282,,,,,282.0,
391,Brandon McManus,K39,283,,,,,283.0,
392,Jonathan Williams,RB94,,283,,,,283.0,
393,Matt Prater,K40,284,,,,,284.0,
394,Jarquez Hunter   MIA (6),RB95,,284,,,,284.0,
395,Will Kacmarek   MIA (6),TE57,324,,,,416,370.0,
396,Kadarius Toney,WR121,285,,,,,285.0,
397,Tommy Mellott,WR122,286,,,,,286.0,
398,Charlie Kolar   LAC (7),TE58,392,,,,350,371.0,
399,Ja'Corey Brooks,WR123,287,,,,,287.0,
400,Ollie Gordon II   MIA (6),RB96,,,,,287,287.0,
401,Jonnu Smith   GB (11),TE59,292,,,,,292.0,
402,Cade Klubnik   NYJ (13),QB52,424,,,,324,374.0,
403,Darren Waller   CAR (5),TE60,,,,,293,293.0,244  +159
404,Adam Trautman   DEN (10),TE61,294,,,,,294.0,
405,Malik Davis   DAL (14),RB97,,,,,294,294.0,
406,Malachi Corley   CLE (11),WR124,,294,,,,294.0,
407,Chris Brooks   GB (11),RB98,,,,,295,295.0,
408,Jimmy Horn Jr.   CAR (5),WR125,295,,,,,295.0,
409,Mitchell Trubisky   TEN (9),QB53,428,,,,323,375.5,
410,Andrei Iosivas   CIN (6),WR126,,,,,296,296.0,
411,Efton Chism III   NE (11),WR127,296,,,,,296.0,
412,Kenny Pickett   CAR (5),QB54,297,,,,,297.0,
413,Camden Brown   DAL (14),WR128,,,,,297,297.0,
414,LeQuint Allen Jr.   JAC (7),RB99,,,,,298,298.0,
415,Jahdae Walker   CHI (10),WR129,298,,,,,298.0,
416,Kareem Hunt,RB100,312,,,,442,377.0,
417,Drew Lock   SEA (11),QB55,299,,,,,299.0,
418,Tyquan Thornton   KC (5),WR130,,,,,299,299.0,
419,Justin Joly,TE62,338,,,,417,377.5,
420,Kaden Wetjen   PIT (9),WR131,300,,,,,300.0,
421,Braxton Berrios,WR132,301,,,,,301.0,
422,Carson Beck   ARI (14),QB56,,,,,301,301.0,
423,Jelani Woods   NYJ (13),TE63,,301,,,,301.0,
424,Noah Fant   NO (8),TE64,327,,,,430,378.5,
425,Myles Price   MIN (6),WR133,302,,,,,302.0,
426,Ray-Ray McCloud III   CHI (10),WR134,303,,,,,303.0,
427,Jalen Jackson,RB101,,303,,,,303.0,
428,Trayveon Williams   DET (6),RB102,304,,,,,304.0,
429,Coleman Owen   IND (13),WR135,,304,,,,304.0,
430,DJ Giddens   IND (13),RB103,,,,,305,305.0,
431,D.J. Montgomery   IND (13),WR136,306,,,,,306.0,
432,Malcolm Brown,RB104,,307,,,,307.0,
433,DeAndrew White,WR137,,308,,,,308.0,
434,Israel Abanikanda   DAL (14),RB105,308,,,,,308.0,
435,Dimitri Stanley,WR138,,309,,,,309.0,
436,Jalen Royals   KC (5),WR139,333,,,,432,382.5,
437,Marlin Klein   HOU (8),TE65,418,,,,347,382.5,
438,Ramon Jefferson,RB106,,310,,,,310.0,
439,Demarcus Robinson   SF (8),WR140,341,,,,425,383.0,
440,John Ross,WR141,311,,,,,311.0,
441,Tanner Gentry,WR142,,311,,,,311.0,
442,Mason Rudolph   PIT (9),QB57,441,,,,326,383.5,
443,Ramel Keyton,WR143,,312,,,,312.0,
444,Trey Knox,TE66,,,,,313,313.0,
445,Mason Pline   KC (5),TE67,,313,,,,313.0,
446,Jack Strand   ATL (11),QB58,382,,,,387,384.5,
447,D.J. Foster,RB107,,314,,,,314.0,
448,Mo Alie-Cox   IND (13),TE68,331,,,,439,385.0,
449,Michael Pratt,QB59,315,,,,,315.0,
450,Parker Romo,K41,316,,,,,316.0,
451,Jarveon Howard,RB108,,317,,,,317.0,
452,Jude McAtamney,K42,317,,,,,317.0,
453,Cornell Powell,WR144,,318,,,,318.0,
454,Montrell Washington,WR145,,,,,318,318.0,
455,Jacob Kibodi,RB109,318,,,,,318.0,
456,John Samuel Shenker,TE69,319,,,,,319.0,
457,Carter Bradley   JAC (7),QB60,,320,,,,320.0,
458,Lincoln Sefcik,TE70,,321,,,,321.0,
459,Kenjon Barner,RB110,,322,,,,322.0,
460,Andy Dalton   PHI (10),QB61,448,,,,330,389.0,
461,Kalif Raymond   CHI (10),WR146,323,,,,,323.0,
462,Michael Trigg   DAL (14),TE71,,324,,,,324.0,
463,Drew Sample   CIN (6),TE72,326,,,,,326.0,
464,Dylan Drummond   ATL (11),WR147,,327,,,,327.0,
465,Greg Dortch,WR148,335,,,,448,391.5,
466,Cade Stover   HOU (8),TE73,328,,,,,328.0,
467,Xavier Legette   CAR (5),WR149,,,,,328,328.0,
468,Talik Keaton,WR150,,328,,,,328.0,
469,Roman Wilson   PIT (9),WR151,330,,,,,330.0,
470,Cade York,K43,373,,,,413,393.0,
471,JJ Laap,WR152,,331,,,,331.0,
472,Josh Adams,RB111,,332,,,,332.0,
473,Darius Slayton   NYG (8),WR153,,,,,332,332.0,
474,Jackson Hawes   BUF (7),TE74,332,,,,,332.0,
475,Marquez Stevenson,WR154,,333,,,,333.0,
476,KeAndre Lambert-Smith   LAC (7),WR155,334,,,,,334.0,
477,Michael Mayer   LV (13),TE75,,,,,335,335.0,
478,Casey Bauman,QB62,,336,,,,336.0,
479,Anthony Richardson Sr.   IND (13),QB63,386,,,,406,396.0,
480,Tanner McKee   PHI (10),QB64,339,,,,,339.0,
481,Tahj Brooks   CIN (6),RB112,,,,,339,339.0,
482,Brevyn Spann-Ford   DAL (14),TE76,340,,,,,340.0,
483,Ty Johnson   BUF (7),RB113,,,,,341,341.0,
484,Sage Surratt,WR156,,343,,,,343.0,
485,Tai Felton   MIN (6),WR157,343,,,,,343.0,
486,Sam Roush   CHI (10),TE77,344,,,,,344.0,
487,Kyle Lauletta,QB65,,345,,,,345.0,
488,Justin Watson,WR158,346,,,,,346.0,
489,Matt Seybert,TE78,,347,,,,347.0,
490,Darius Cooper   PHI (10),WR159,347,,,,,347.0,
491,Jake Browning,QB66,,,,,348,348.0,
492,Jonathan Mingo   DAL (14),WR160,348,,,,,348.0,
493,Calvin Tyler Jr.,RB114,,348,,,,348.0,
494,Patrick Ricard   NYG (8),RB115,349,,,,,349.0,
495,Chamon Metayer,TE79,,350,,,,350.0,
496,Tyree Mayfield,TE80,,351,,,,351.0,
497,Skyy Moore   GB (11),WR161,351,,,,,351.0,
498,Mecole Hardman Jr.,WR162,352,,,,,352.0,
499,Salvon Ahmed   CHI (10),RB116,,,,,352,352.0,
500,Johnny Mundt   PHI (10),TE81,423,385,,,,404.0,
501,Marcus Mariota   WAS (7),QB67,,,,,353,353.0,
502,David Moore   CAR (5),WR163,353,,,,,353.0,
503,Marquez Valdes-Scantling,WR164,354,,,,,354.0,
504,Jalen Hurd,WR165,,354,,,,354.0,
505,Gardner Minshew II   ARI (14),QB68,429,,,,381,405.0,
506,Robert Tonyan   PIT (9),TE82,,,,,355,355.0,
507,Reggie White Jr.,WR166,,355,,,,355.0,
508,Connor Heyward   LV (13),TE83,408,,,,403,405.5,
509,MyCole Pruitt,TE84,,356,,,,356.0,
510,Van Jefferson,WR167,356,,,,,356.0,
511,Matt Colburn II,RB117,,357,,,,357.0,
512,Zamir White,RB118,357,,,,,357.0,
513,Stetson Bennett IV   LAR (11),QB69,358,,,,,358.0,
514,Riley Leonard   IND (13),QB70,414,,,,400,407.0,
515,Jamire Jordan,WR168,,359,,,,359.0,
516,Jalen Tolbert   MIA (6),WR169,,,,,359,359.0,
517,Jake Bobo   SEA (11),WR170,359,,,,,359.0,
518,Carson Steele,RB119,360,,,,,360.0,
519,Thayer Thomas,WR171,,361,,,,361.0,
520,Junior Bergen   NYJ (13),WR172,361,,,,,361.0,
521,Dean Connors,RB120,,,,,361,361.0,
522,Taysom Hill,TE85,362,,,,,362.0,
523,Trenton Cannon,RB121,,362,,,,362.0,
524,Carson Wentz   MIN (6),QB71,447,,,,371,409.0,
525,Durham Smythe   BAL (13),TE86,403,,,,415,409.0,
526,Tez Johnson   TB (10),WR173,404,,,,414,409.0,
527,Equanimeous St. Brown,WR174,363,,,,,363.0,
528,Will Shipley   PHI (10),RB122,,,,,363,363.0,
529,Josh Cameron   JAC (7),WR175,435,,,,384,409.5,
530,Stephen Anderson,TE87,,364,,,,364.0,
531,Austin Seibert,K44,364,,,,,364.0,
532,JuJu Smith-Schuster,WR176,365,,,,,365.0,
533,Malik Benson   LV (13),WR177,,,,,365,365.0,
534,Austin Ekeler,RB123,366,,,,,366.0,
535,DeAndre Hopkins   BAL (13),WR178,367,,,,,367.0,
536,Michael Carter   TEN (9),RB124,,,,,367,367.0,
537,Jeshaun Jones   MIN (6),WR179,437,386,,,,411.5,
538,Derek Carr,QB72,368,,,,,368.0,
539,Tony Brooks-James,RB125,,368,,,,368.0,
540,Jahan Dotson   ATL (11),WR180,,,,,368,368.0,
541,Zach Ertz,TE88,369,,,,,369.0,
542,Jimmy Garoppolo   LAR (11),QB73,370,,,,,370.0,
543,Devin Gray,WR181,,370,,,,370.0,
544,Samori Toure,WR182,,371,,,,371.0,
545,Xavier Smith   LAR (11),WR183,407,,,,420,413.5,
546,Greg Zuerlein,K45,372,,,,,372.0,
547,Kearis Jackson,WR184,,373,,,,373.0,
548,Tanner Brown   NO (8),K46,374,,,,,374.0,
549,Carlos Washington Jr.   MIA (6),RB126,,374,,,,374.0,
550,Tanner Koziol   JAC (7),TE89,,,,,374,374.0,
551,Cornelius Johnson   BAL (13),WR185,,375,,,,375.0,
552,Joshua Karty,K47,375,,,,,375.0,
553,Jam Miller,RB127,,,,,376,376.0,
554,Michael Warren II,RB128,,377,,,,377.0,
555,Jordan Travis,QB74,377,,,,,377.0,
556,Devin Leary,QB75,378,,,,,378.0,
557,Isaac Guerendo   SF (8),RB129,,,,,378,378.0,
558,Treyton Pickering,TE90,,378,,,,378.0,
559,Max Bredeson   MIN (6),RB130,412,,,,422,417.0,
560,Aaron Shampklin,RB131,379,,,,,379.0,
561,Oscar Delp   NO (8),TE91,406,,,,429,417.5,
562,Jacardia Wright   SEA (11),RB132,473,,,,379,426.0,
563,D.J. Williams,RB133,380,,,,,380.0,
564,Austin Hooper   ATL (11),TE92,385,,,,451,418.0,
565,Colton Dowell,WR186,,381,,,,381.0,
566,Jermaine Jackson,WR187,381,,,,,381.0,
567,Theo Riddick,RB134,,382,,,,382.0,
568,Mike Thomas,WR188,,383,,,,383.0,
569,Sterling Shepard,WR189,,,,,386,386.0,
570,Isaiah Bond   CLE (11),WR190,393,,,,449,421.0,
571,Jarrett Stidham   DEN (10),QB76,387,,,,,387.0,
572,Tyson Bagent   CHI (10),QB77,388,,,,,388.0,
573,Kenny McIntosh,RB135,,,,,388,388.0,
574,Sam Howell   DAL (14),QB78,389,,,,,389.0,
575,Dont'e Thornton Jr.   LV (13),WR191,,,,,389,389.0,
576,Dyami Brown   WAS (7),WR192,390,,,,,390.0,
577,Josh Pederson,TE93,,390,,,,390.0,
578,Leon Johnson III,WR193,,391,,,,391.0,
579,Zane Gonzalez,K48,481,,,,391,436.0,
580,Kevin Coleman Jr.   MIA (6),WR194,396,,,,452,424.0,
581,John Bates   WAS (7),TE94,394,,,,,394.0,
582,Osirus Mitchell,WR195,,394,,,,394.0,
583,Arian Smith   NYJ (13),WR196,,395,,,,395.0,
584,Garrett Gilbert,QB79,,397,,,,397.0,
585,Ashton Dulin   IND (13),WR197,397,,,,,397.0,
586,Tanner Hudson   CIN (6),TE95,398,,,,,398.0,
587,La'Damian Webb,RB136,,398,,,,398.0,
588,Nate Boerkircher   JAC (7),TE96,,,,,398,398.0,
589,DeMario Douglas   NE (11),WR198,,,,,399,399.0,
590,Brenen Thompson   LAC (7),WR199,399,,,,,399.0,
591,Ben Sinnott   WAS (7),TE97,400,,,,,400.0,
592,Jeremy Ruckert   NYJ (13),TE98,401,,,,,401.0,
593,Dakota Caton,WR200,,401,,,,401.0,
594,Hunter Luepke   DAL (14),RB137,402,,,,,402.0,
595,Treveyon Pratt,WR201,,402,,,,402.0,
596,Logan Woodside,QB80,,403,,,,403.0,
597,Dae'Quan Wright,TE99,,404,,,,404.0,
598,Davis Allen   LAR (11),TE100,405,,,,,405.0,
599,Tanner Arkin   NE (11),TE101,,405,,,,405.0,
600,Jerome Ford   WAS (7),RB138,491,,,,405,448.0,
601,JaQuan Hardy,RB139,,406,,,,406.0,
602,Daniel Bellinger   TEN (9),TE102,,,,,407,407.0,
603,Terrell Bynum,WR202,,407,,,,407.0,
604,Austin Watkins Jr.,WR203,,408,,,,408.0,
605,Michael Burton   CLE (11),RB140,409,,,,,409.0,
606,Robert Burns,RB141,,409,,,,409.0,
607,Jaylin Lane   WAS (7),WR204,,,,,409,409.0,
608,Eno Benjamin,RB142,,410,,,,410.0,
609,Bo Melton   GB (11),WR205,410,,,,,410.0,
610,Raheim Sanders   CLE (11),RB143,,,,,410,410.0,
611,Mitch Tinsley,WR206,411,,,,,411.0,
612,Tutu Atwell   LAR (11),WR207,,,,,412,412.0,
613,Luke Farrell   SF (8),TE103,415,,,,,415.0,
614,Spencer Rattler   NO (8),QB81,416,,,,,416.0,
615,Tyler Conklin   DET (6),TE104,417,,,,,417.0,
616,John Metchie III   CAR (5),WR208,,,,,419,419.0,
617,Josh Whyle   GB (11),TE105,419,,,,,419.0,
618,Eric Saubert   SEA (11),TE106,421,,,,,421.0,
619,Isaiah Davis   NYJ (13),RB144,,,,,421,421.0,
620,Andrew Beck   NYJ (13),TE107,422,,,,,422.0,
621,Olamide Zaccheaus   ATL (11),WR209,,,,,424,424.0,
622,Riley Nowakowski   PIT (9),TE108,425,,,,,425.0,
623,Reggie Virgil   ARI (14),WR210,426,,,,,426.0,
624,Reggie Gilliam   NE (11),RB145,427,,,,,427.0,
625,Jaleel McLaughlin   DEN (10),RB146,463,,,,427,445.0,
626,Chris Manhertz   NYG (8),TE109,430,,,,,430.0,
627,Ben Skowronek   PIT (9),WR211,431,,,,,431.0,
628,Savion Williams   GB (11),WR212,,,,,431,431.0,
629,Charlie Jones,WR213,432,,,,,432.0,
630,Trevor Etienne   CAR (5),RB147,,,,,433,433.0,
631,LaJohntay Wester   BAL (13),WR214,433,,,,,433.0,
632,Britain Covey   PHI (10),WR215,434,,,,,434.0,
633,Jalen Brooks   ARI (14),WR216,436,,,,,436.0,
634,Jawhar Jordan,RB148,,,,,436,436.0,
635,Cedrick Wilson Jr.,WR217,438,,,,,438.0,
636,Brandon Allen,QB82,439,,,,,439.0,
637,Mack Hollins   NE (11),WR218,,,,,440,440.0,
638,Dare Ogunbowale,RB149,440,,,,,440.0,
639,Nick Westbrook-Ikhine   IND (13),WR219,,,,,441,441.0,
640,Scotty Miller,WR220,442,,,,,442.0,
641,Kendrick Bourne   ARI (14),WR221,,,,,443,443.0,
642,Travis Homer   PIT (9),RB150,444,,,,,444.0,
643,Tim Patrick   NYJ (13),WR222,445,,,,,445.0,
644,Xavier Hutchinson   HOU (8),WR223,,,,,445,445.0,
645,Zay Jones,WR224,446,,,,,446.0,
646,Adam Randall   BAL (13),RB151,,,,,446,446.0,
647,Treylon Burks   WAS (7),WR225,,,,,447,447.0,
648,Josh Johnson,QB83,449,,,,,449.0,
649,Gunner Olszewski   NYG (8),WR226,450,,,,,450.0,
650,Tom Kennedy   DET (6),WR227,451,,,,,451.0,
651,Albert Okwuegbunam Jr.,TE110,452,,,,,452.0,
652,Elijah Moore   PHI (10),WR228,453,,,,,453.0,
653,Zach Wilson   NO (8),QB84,454,,,,,454.0,
654,Chris Brazzell II   CAR (5),WR229,,,,,454,454.0,
655,Khalil Herbert   SF (8),RB152,455,,,,,455.0,
656,Patrick Taylor Jr.,RB153,456,,,,,456.0,
657,Brendan Sorsby,QB85,,,,,457,457.0,
658,Brittain Brown   CHI (10),RB154,458,,,,,458.0,
659,Ronnie Rivers   LAR (11),RB155,459,,,,,459.0,
660,Roschon Johnson   CHI (10),RB156,460,,,,,460.0,
661,Deuce Vaughn,RB157,461,,,,,461.0,
662,Will Levis,QB86,462,,,,,462.0,
663,Sione Vaki   DET (6),RB158,464,,,,,464.0,
664,Colson Yankoff   WAS (7),TE111,465,,,,,465.0,
665,Frank Gore Jr.,RB159,466,,,,,466.0,
666,Dillon Gabriel   CLE (11),QB87,467,,,,,467.0,
667,Jalen Milroe   SEA (11),QB88,468,,,,,468.0,
668,Gavin Bartholomew   MIN (6),TE112,469,,,,,469.0,
669,Dominic Lovett   DET (6),WR230,470,,,,,470.0,
670,Will Howard   PIT (9),QB89,471,,,,,471.0,
671,Brady Cook   NYJ (13),QB90,472,,,,,472.0,
672,Ulysses Bentley IV,RB160,474,,,,,474.0,
673,Eli Heidenreich   PIT (9),RB161,475,,,,,475.0,
674,Athan Kaliakmanis   WAS (7),QB91,476,,,,,476.0,
675,C.J. Ham,RB162,477,,,,,477.0,
676,Cordarrelle Patterson,RB163,478,,,,,478.0,
677,Greg Joseph,K49,479,,,,,479.0,
678,Michael Badgley,K50,480,,,,,480.0,
679,Gus Edwards,RB164,483,,,,,483.0,
680,Jamaal Williams,RB165,484,,,,,484.0,
681,Amari Cooper,WR231,485,,,,,485.0,
682,Dustin Hopkins,K51,486,,,,,486.0,
683,Graham Gano,K52,487,,,,,487.0,
684,Antonio Gibson,RB166,488,,,,,488.0,
685,Matthew Wright,K53,489,,,,,489.0,
686,Desmond Ridder,QB92,490,,,,,490.0,
687,Anthony Brown Jr.,QB93,492,,,,,492.0,
688,Jaren Hall,QB94,493,,,,,493.0,
689,Max Duggan,QB95,494,,,,,494.0,
690,Xazavian Valladay,RB167,495,,,,,495.0,
691,SaRodorick Thompson Jr.,RB168,496,,,,,496.0,
692,Louis Rees-Zammit,RB169,497,,,,,497.0,
693,Michael Wiley,RB170,498,,,,,498.0,
694,Brayden Narveson,K54,499,,,,,499.0,
695,Thomas Odukoya,TE113,500,,,,,500.0,